{
    "vertices":[1,0,-1,1,5.96046e-08,1,-1,5.96046e-08,1,-1,0,-1,1,2,-1,0.999999,2,1,-1,2,1,-1,2,-1],
    "metadata":{
        "vertices":8,
        "type":"Geometry",
        "generator":"io_three",
        "materials":1,
        "faces":6,
        "version":3,
        "uvs":0,
        "normals":6
    },
    "uvs":[],
    "materials":[{
        "shading":"phong",
        "DbgName":"Material",
        "opacity":1,
        "depthWrite":true,
        "blending":1,
        "colorSpecular":[0.5,0.5,0.5],
        "depthTest":true,
        "transparent":false,
        "colorEmissive":[0,0,0],
        "doubleSided":false,
        "specularCoef":50,
        "colorDiffuse":[0.64,0.64,0.64],
        "DbgIndex":0,
        "visible":true,
        "DbgColor":15658734,
        "wireframe":false
    }],
    "faces":[35,0,1,2,3,0,0,0,0,0,35,4,7,6,5,0,1,1,1,1,35,0,4,5,1,0,2,2,2,2,35,1,5,6,2,0,3,3,3,3,35,2,6,7,3,0,4,4,4,4,35,4,0,3,7,0,5,5,5,5],
    "normals":[-3.55271e-15,-1,2.98023e-08,0,1,0,1,4.47034e-08,2.83122e-07,-2.98023e-07,-8.9407e-08,1,-1,-1.3411e-07,-2.23517e-07,2.08616e-07,1.78814e-07,-1]
}